flooded,unflooded
https://raw.githack.com/vergenzt/forbidden-island-pcio/master/assets/tiles/tile-0-back.png,https://raw.githack.com/vergenzt/forbidden-island-pcio/master/assets/tiles/tile-0-front.png
https://raw.githack.com/vergenzt/forbidden-island-pcio/master/assets/tiles/tile-1-back.png,https://raw.githack.com/vergenzt/forbidden-island-pcio/master/assets/tile-cards/tilecard-1-front.png
https://raw.githack.com/vergenzt/forbidden-island-pcio/master/assets/tiles/tile-2-back.png,https://raw.githack.com/vergenzt/forbidden-island-pcio/master/assets/tile-cards/tilecard-2-front.png
https://raw.githack.com/vergenzt/forbidden-island-pcio/master/assets/tiles/tile-3-back.png,https://raw.githack.com/vergenzt/forbidden-island-pcio/master/assets/tile-cards/tilecard-3-front.png
https://raw.githack.com/vergenzt/forbidden-island-pcio/master/assets/tiles/tile-4-back.png,https://raw.githack.com/vergenzt/forbidden-island-pcio/master/assets/tile-cards/tilecard-4-front.png
https://raw.githack.com/vergenzt/forbidden-island-pcio/master/assets/tiles/tile-5-back.png,https://raw.githack.com/vergenzt/forbidden-island-pcio/master/assets/tiles/tile-5-front.png
https://raw.githack.com/vergenzt/forbidden-island-pcio/master/assets/tiles/tile-6-back.png,https://raw.githack.com/vergenzt/forbidden-island-pcio/master/assets/tiles/tile-6-front.png
https://raw.githack.com/vergenzt/forbidden-island-pcio/master/assets/tiles/tile-7-back.png,https://raw.githack.com/vergenzt/forbidden-island-pcio/master/assets/tiles/tile-7-front.png
https://raw.githack.com/vergenzt/forbidden-island-pcio/master/assets/tiles/tile-8-back.png,https://raw.githack.com/vergenzt/forbidden-island-pcio/master/assets/tiles/tile-8-front.png
https://raw.githack.com/vergenzt/forbidden-island-pcio/master/assets/tiles/tile-9-back.png,https://raw.githack.com/vergenzt/forbidden-island-pcio/master/assets/tiles/tile-9-front.png
https://raw.githack.com/vergenzt/forbidden-island-pcio/master/assets/tiles/tile-10-back.png,https://raw.githack.com/vergenzt/forbidden-island-pcio/master/assets/tiles/tile-10-front.png
https://raw.githack.com/vergenzt/forbidden-island-pcio/master/assets/tiles/tile-11-back.png,https://raw.githack.com/vergenzt/forbidden-island-pcio/master/assets/tiles/tile-11-front.png
https://raw.githack.com/vergenzt/forbidden-island-pcio/master/assets/tiles/tile-12-back.png,https://raw.githack.com/vergenzt/forbidden-island-pcio/master/assets/tiles/tile-12-front.png
https://raw.githack.com/vergenzt/forbidden-island-pcio/master/assets/tiles/tile-13-back.png,https://raw.githack.com/vergenzt/forbidden-island-pcio/master/assets/tiles/tile-13-front.png
https://raw.githack.com/vergenzt/forbidden-island-pcio/master/assets/tiles/tile-14-back.png,https://raw.githack.com/vergenzt/forbidden-island-pcio/master/assets/tiles/tile-14-front.png
https://raw.githack.com/vergenzt/forbidden-island-pcio/master/assets/tiles/tile-15-back.png,https://raw.githack.com/vergenzt/forbidden-island-pcio/master/assets/tiles/tile-15-front.png
https://raw.githack.com/vergenzt/forbidden-island-pcio/master/assets/tiles/tile-16-back.png,https://raw.githack.com/vergenzt/forbidden-island-pcio/master/assets/tiles/tile-16-front.png
https://raw.githack.com/vergenzt/forbidden-island-pcio/master/assets/tiles/tile-17-back.png,https://raw.githack.com/vergenzt/forbidden-island-pcio/master/assets/tiles/tile-17-front.png
https://raw.githack.com/vergenzt/forbidden-island-pcio/master/assets/tiles/tile-18-back.png,https://raw.githack.com/vergenzt/forbidden-island-pcio/master/assets/tiles/tile-18-front.png
https://raw.githack.com/vergenzt/forbidden-island-pcio/master/assets/tiles/tile-19-back.png,https://raw.githack.com/vergenzt/forbidden-island-pcio/master/assets/tiles/tile-19-front.png
https://raw.githack.com/vergenzt/forbidden-island-pcio/master/assets/tiles/tile-20-back.png,https://raw.githack.com/vergenzt/forbidden-island-pcio/master/assets/tiles/tile-20-front.png
https://raw.githack.com/vergenzt/forbidden-island-pcio/master/assets/tiles/tile-21-back.png,https://raw.githack.com/vergenzt/forbidden-island-pcio/master/assets/tiles/tile-21-front.png
https://raw.githack.com/vergenzt/forbidden-island-pcio/master/assets/tiles/tile-22-back.png,https://raw.githack.com/vergenzt/forbidden-island-pcio/master/assets/tiles/tile-22-front.png
https://raw.githack.com/vergenzt/forbidden-island-pcio/master/assets/tiles/tile-23-back.png,https://raw.githack.com/vergenzt/forbidden-island-pcio/master/assets/tiles/tile-23-front.png
